{"cameraMode":{"drawMode":0,"name":"Shaded","section":"Shading Mode"},"sceneLighting":true,"audioPlay":false,"sceneViewState":{"m_AlwaysRefresh":false,"showFog":true,"showSkybox":true,"showFlares":true,"showImageEffects":true,"showParticleSystems":true,"showVisualEffectGraphs":true,"m_FxEnabled":true},"in2DMode":false,"pivot":{"x":-11.969722747802735,"y":-11.902917861938477,"z":81.38878631591797},"rotation":{"x":-0.10855673998594284,"y":0.08904555439949036,"z":-0.009765595197677613,"w":-0.9900694489479065},"size":50.66896057128906,"orthographic":false}